student_id,student_name,year_level
1,William Chung,4
2,Rachel Golden,2
3,Mark Wright,2
4,Jessica Castro,4
5,Laura Wilcox,2
6,Mrs. Renee Small,2
7,Caleb Jimenez,3
8,Kelly Lopez,3
9,Erika Mercado,4
10,Kirk Cruz,5
11,Mrs. Sheryl Butler,4
12,Daniel Simpson,4
13,Yvonne Ayers,2
14,Cynthia Hunter,5
15,Elizabeth Hatfield,5
16,David Harris,5
17,Arthur Allen,4
18,Todd Gardner,5
19,Hannah Jackson,3
20,Monica Miller,5
21,Christine Vaughn,3
22,Charles Taylor,2
23,Kimberly Miller,5
24,Destiny Ramirez,3
25,Eric Castro,4
26,Elizabeth Jimenez,3
27,Michael Evans,5
28,Devin Cardenas,4
29,Mrs. Joanne Rodriguez,3
30,Susan Martinez,2
31,Elizabeth Cole,5
32,Janet Curtis,5
33,Jon Kelly,3
34,Charles Howard,3
35,Marc Butler,5
36,Steven Moore,4
37,Lisa Welch,3
38,Heather Buckley,5
39,Angela Jacobs,4
40,Taylor Swanson,2
41,Megan Erickson,3
42,John Schmidt,5
43,Jordan Henderson,4
44,Justin Pearson,5
45,Kenneth Young,2
46,Mary Graves,3
47,Alyssa Thompson,4
48,Jeffrey Sanders,3
49,Lori Francis,3
50,Jennifer Allison,3
51,Tonya Smith,2
52,Carrie Hensley,3
53,Mary Morris,4
54,Kayla Dominguez,5
55,Brian Houston,2
56,Jamie Miller,5
57,Thomas Robinson,4
58,Emily Acevedo,5
59,Travis Hunter,3
60,James Coleman,4
61,Bradley Hansen,2
62,Monique Nguyen,2
63,Jimmy Cortez,5
64,Stephen Levine,3
65,Charles Tran,3
66,Steven Lawrence,4
67,Scott Schroeder,3
68,Ariana Brooks,3
69,Scott Green,3
70,Jeremy Torres,2
71,Jacqueline Martinez,5
72,Taylor Steele,4
73,Andrea Gonzalez,4
74,Theresa Alvarez,4
75,Ashley Campbell,2
76,Michael Diaz,4
77,Amy Nunez,2
78,Charlotte Martin,4
79,John Wells,2
80,Brandy Mccoy,5
81,Lisa Roberts,2
82,Samantha Smith,5
83,Aaron Vargas,2
84,Jennifer Stanton,4
85,Mary Rodriguez,5
86,Robert Alvarez,5
87,Aaron Singh,3
88,Brian Mason,4
89,Laura Smith,4
90,Jeanette Franklin,3
91,Grant Wilson,3
92,Brooke Silva,4
93,Vicki Johnson,5
94,Emily Smith,5
95,Jennifer Chavez,2
96,Charles Martinez,3
97,Andre Stein DDS,2
98,Molly Underwood,3
99,Pamela Mclaughlin,5
100,Ryan Huffman,4
101,Teresa Ballard,4
102,William Robinson,5
103,Michael Good,2
104,Caroline Morgan,3
105,Paul Martinez,5
106,Crystal Johnson,2
107,Sandra Glover,2
108,Kelly Prince,4
109,Julie Chang,3
110,Mariah Gomez,5
111,Caitlin Ortiz,3
112,Natalie Holmes,4
113,Dr. Juan Fernandez,2
114,Richard Atkins,5
115,Dr. Amber Cruz,4
116,Matthew Thompson,3
117,Tiffany Moran,4
118,Robert Sullivan,4
119,Connie Huang,4
120,Andrew Adams,2
121,Danny Oliver,5
122,Jonathan Hammond,5
123,Danielle Park,5
124,Lisa Gonzales,5
125,Samuel Watson,5
126,William French,2
127,Robert Washington,3
128,Kelly Rivera,4
129,Jose Donovan,3
130,Christopher Olsen,2
131,James Carpenter,2
132,Antonio Hawkins,4
133,Nicholas Hall,2
134,Martin Esparza,3
135,Mariah Salas,2
136,Steven Donovan,5
137,Brian Gates,2
138,Lauren Diaz,5
139,Sarah Davis,2
140,Richard Phillips,2
141,Julie Vincent,5
142,Andrew Simmons,2
143,Melissa Brown,5
144,Tammy Taylor,5
145,Tonya Allen,3
146,Heather Johnson,5
147,Matthew Lopez,2
148,Heidi Martinez,5
149,Marie Nguyen,3
150,Miss Elizabeth Butler DDS,5
151,William Silva,2
152,Tony King,3
153,Mary Perry,2
154,Robert Waters,3
155,Rebecca Saunders,3
156,Daisy Garcia,5
157,Sarah Padilla,5
158,Brent Lewis,5
159,Alyssa Gaines,4
160,Patrick Daniels,3
161,Brian Hanson,2
162,Michael Russell,5
163,Vincent Valdez,4
164,Stephanie Evans,2
165,Kimberly Dixon,5
166,Leslie Rojas,3
167,Beverly Escobar,2
168,Elijah Richards,4
169,Debra Torres,4
170,Samantha Elliott,3
171,Hannah Cain,3
172,Miss Jennifer Cohen DDS,2
173,Veronica Miller,5
174,Bryan Castillo,2
175,Angela Wells,5
176,William Bailey,3
177,Sarah Clark,2
178,Susan Bennett,4
179,Roberta Stewart,3
180,Taylor Webster,2
181,Haley Parker,3
182,Eric Edwards,3
183,Lindsey Zavala,4
184,Destiny Johnson,4
185,Jennifer Stevens,4
186,Ashley Choi,5
187,Eric Ward,4
188,Krystal Smith DDS,2
189,Casey Maldonado,4
190,Savannah Miller,5
191,Chelsea Rangel DDS,5
192,Linda Jones,5
193,Tonya Perkins,3
194,Vincent Dennis,5
195,Susan Baldwin,2
196,Karen Olson,5
197,Cynthia Booker,2
198,Amy Warner,4
199,Jeffery Scott,2
200,Devon Kennedy,3
201,Natalie Davies,3
202,Angela Hansen,5
203,Bobby Gould,5
204,Kyle Watson,3
205,Jake Lee,4
206,Raven Davis,3
207,Joshua Santana,2
208,Stephanie Lozano,3
209,Mr. Kyle Browning MD,3
210,Stephen Madden,5
211,Anthony Alexander,4
212,Molly Jacobs,5
213,Steven Jones,2
214,Christine Watson,5
215,Kelly Jones DDS,4
216,Richard Clark,3
217,Micheal Brown,5
218,Donna Klein,4
219,Kristen Burns,2
220,Wanda Moore,5
221,Emily Lee,4
222,Lori Williams,4
223,Joshua Nelson,4
224,Amber Harvey,2
225,Sarah Valencia,4
226,Cheryl Barr,2
227,Alison Jones,2
228,Adrian Campbell,2
229,Andrew Rogers,3
230,Brandy Noble,5
231,Lisa Nelson,5
232,John Smith,4
233,Ashley Martinez,4
234,Amanda Avila,2
235,Antonio Garcia,4
236,Tammy Long,4
237,Anna Lara,4
238,Christian Williams,4
239,Brenda Berry,3
240,Zachary Bradshaw MD,2
241,Sheri Walsh,5
242,David Gallagher,2
243,Allison Fowler,5
244,Kristen Howell,3
245,Brian Allen,3
246,Alan Stephens,2
247,Daniel Ashley,5
248,Felicia Santos,3
249,Shawn Velez,5
250,Donna Dalton,2
